what,kind,bundleId,bundleVersion,description,time
stopped,bundle,org.eclipse.jst.ws.cxf.consumption.core,1.0.0.v201003222311,"org.eclipse.jst.ws.cxf.consumption.core",1362044527317
stopped,bundle,org.eclipse.jst.ws.cxf.creation.core,1.0.100.v201104022153,"org.eclipse.jst.ws.cxf.creation.core",1362044527318
stopped,bundle,org.eclipse.jst.ws.cxf.ui,1.0.0.v201004171919,"org.eclipse.jst.ws.cxf.ui",1362044527318
stopped,bundle,org.eclipse.jst.ws.cxf.core,1.0.100.v201104022153,"org.eclipse.jst.ws.cxf.core",1362044527319
stopped,bundle,org.eclipse.jst.ws.uddiregistry,1.0.500.v201004211805,"org.eclipse.jst.ws.uddiregistry",1362044527320
stopped,bundle,org.eclipse.jst.ws.ui,1.0.403.v201004211805,"org.eclipse.jst.ws.ui",1362044527321
stopped,bundle,org.eclipse.jst.ws,1.0.509.v201108250610,"org.eclipse.jst.ws",1362044527322
stopped,bundle,org.eclipse.wst.ws.explorer,1.0.607.v201103082002,"org.eclipse.wst.ws.explorer",1362044527323
stopped,bundle,org.eclipse.wst.wsdl.ui,1.2.403.v201108240515,"org.eclipse.wst.wsdl.ui",1362044527324
stopped,bundle,org.eclipse.wst.ws.ui,1.1.200.v201004211805,"org.eclipse.wst.ws.ui",1362044527325
stopped,bundle,org.eclipse.wst.wsi.ui,1.0.502.v201104071820,"org.eclipse.wst.wsi.ui",1362044527359
stopped,bundle,org.eclipse.wst.wsi,1.0.401.v201104071820,"org.eclipse.wst.wsi",1362044527360
stopped,bundle,org.eclipse.wst.ws,1.1.203.v201004211805,"org.eclipse.wst.ws",1362044527361
stopped,bundle,org.eclipse.jst.j2ee.webservice.ui,1.1.500.v201105122000,"org.eclipse.jst.j2ee.webservice.ui",1362044527361
stopped,bundle,org.eclipse.jst.j2ee.webservice,1.1.400.v201004110600,"org.eclipse.jst.j2ee.webservice",1362044527361
stopped,bundle,org.eclipse.wst.ws.parser,1.0.403.v201004211805,"org.eclipse.wst.ws.parser",1362044527362
stopped,bundle,org.eclipse.jpt.dbws.eclipselink.ui,1.0.0.v201104110000,"org.eclipse.jpt.dbws.eclipselink.ui",1362044527364
stopped,bundle,org.eclipse.datatools.enablement.hsqldb.ui,1.0.0.v201108120600,"org.eclipse.datatools.enablement.hsqldb.ui",1362044527365
stopped,bundle,org.eclipse.datatools.enablement.ingres.ui,1.0.0.v201105270214,"org.eclipse.datatools.enablement.ingres.ui",1362044527365
stopped,bundle,org.eclipse.datatools.enablement.postgresql.ui,1.0.0.v201107221506,"org.eclipse.datatools.enablement.postgresql.ui",1362044527366
stopped,bundle,org.eclipse.datatools.enablement.sqlite.ui,1.0.0.v201107221507,"org.eclipse.datatools.enablement.sqlite.ui",1362044527366
stopped,bundle,org.eclipse.jpt.jpa.eclipselink.ui,2.0.1.v201108080010,"org.eclipse.jpt.jpa.eclipselink.ui",1362044527367
stopped,bundle,org.jboss.tools.hibernate.jpt.ui,3.5.1.v20120715-0252-H98-Final,"org.jboss.tools.hibernate.jpt.ui",1362044527367
stopped,bundle,org.eclipse.jpt.jpa.ui,3.0.2.v201201243020,"org.eclipse.jpt.jpa.ui",1362044527369
stopped,bundle,org.jboss.tools.cdi.seam.config.ui,1.2.0.v20120611-1827-H85-Final,"org.jboss.tools.cdi.seam.config.ui",1362044527369
stopped,bundle,org.jboss.tools.cdi.seam.text.ext,1.2.0.v20120611-1827-H85-Final,"org.jboss.tools.cdi.seam.text.ext",1362044527371
stopped,bundle,org.jboss.tools.cdi.text.ext,1.2.0.v20120611-1827-H85-Final,"org.jboss.tools.cdi.text.ext",1362044527371
stopped,bundle,org.jboss.tools.cdi.xml.ui,1.2.0.v20120611-1827-H85-Final,"org.jboss.tools.cdi.xml.ui",1362044527372
stopped,bundle,org.jboss.tools.cdi.ui,1.2.0.v20120611-1827-H85-Final,"org.jboss.tools.cdi.ui",1362044527372
stopped,bundle,org.jboss.tools.jsf.ui,3.3.1.v20120715-0313-H119-Final,"org.jboss.tools.jsf.ui",1362044527374
stopped,bundle,org.jboss.tools.jsf.vpe.ajax4jsf,3.3.1.v20120715-0313-H119-Final,"org.jboss.tools.jsf.vpe.ajax4jsf",1362044527376
stopped,bundle,org.jboss.tools.jsf.vpe.richfaces,3.3.1.v20120715-0313-H119-Final,"org.jboss.tools.jsf.vpe.richfaces",1362044527376
stopped,bundle,org.jboss.tools.jsf.vpe.facelets,3.3.1.v20120715-0313-H119-Final,"org.jboss.tools.jsf.vpe.facelets",1362044527377
stopped,bundle,org.jboss.tools.jsf.vpe.jbpm,3.3.1.v20120715-0313-H119-Final,"org.jboss.tools.jsf.vpe.jbpm",1362044527378
stopped,bundle,org.jboss.tools.jsf.vpe.jstl,3.3.1.v20120715-0313-H119-Final,"org.jboss.tools.jsf.vpe.jstl",1362044527378
stopped,bundle,org.jboss.tools.jsf.vpe.seam,3.3.1.v20120715-0313-H119-Final,"org.jboss.tools.jsf.vpe.seam",1362044527379
stopped,bundle,org.jboss.tools.jsf.vpe.jsf,3.3.1.v20120715-0313-H119-Final,"org.jboss.tools.jsf.vpe.jsf",1362044527380
stopped,bundle,org.jboss.tools.jsf.vpe.myfaces,3.3.1.v20120715-0313-H119-Final,"org.jboss.tools.jsf.vpe.myfaces",1362044527380
stopped,bundle,org.jboss.tools.vpe.docbook,3.3.1.v20120715-0301-H105-Final,"org.jboss.tools.vpe.docbook",1362044527381
stopped,bundle,org.jboss.tools.vpe.html,3.3.1.v20120715-0301-H105-Final,"org.jboss.tools.vpe.html",1362044527381
stopped,bundle,org.jboss.tools.vpe.jsp,3.3.1.v20120715-0301-H105-Final,"org.jboss.tools.vpe.jsp",1362044527382
stopped,bundle,org.jboss.tools.vpe.spring,3.3.1.v20120715-0301-H105-Final,"org.jboss.tools.vpe.spring",1362044527383
stopped,bundle,org.jboss.tools.vpe,3.3.1.v20120715-0301-H105-Final,"org.jboss.tools.vpe",1362044527383
stopped,bundle,org.jboss.tools.jst.css,3.3.1.v20120715-0241-H93-Final,"org.jboss.tools.jst.css",1362044527384
stopped,bundle,org.jboss.tools.jst.web.tiles.ui,3.3.1.v20120715-0241-H93-Final,"org.jboss.tools.jst.web.tiles.ui",1362044527384
stopped,bundle,org.jboss.tools.maven.seam,1.3.1.v20120715-0349-H127-Final,"org.jboss.tools.maven.seam",1362044527385
stopped,bundle,org.jboss.tools.seam.ui,3.3.0.v20120612-1916-H130-Final,"org.jboss.tools.seam.ui",1362044527385
stopped,bundle,org.jboss.tools.seam.ui.pages,3.3.0.v20120612-1916-H130-Final,"org.jboss.tools.seam.ui.pages",1362044527387
stopped,bundle,org.jboss.tools.seam.xml.ui,3.3.0.v20120612-1916-H130-Final,"org.jboss.tools.seam.xml.ui",1362044527387
stopped,bundle,org.jboss.tools.jst.web.ui,3.3.1.v20120715-0241-H93-Final,"org.jboss.tools.jst.web.ui",1362044527387
stopped,bundle,org.eclipse.datatools.connectivity.db.generic.ui,1.0.1.v201107221459,"org.eclipse.datatools.connectivity.db.generic.ui",1362044527388
stopped,bundle,org.eclipse.datatools.connectivity.apache.derby.ui,1.0.3.v201107221459,"org.eclipse.datatools.connectivity.apache.derby.ui",1362044527389
stopped,bundle,org.eclipse.datatools.enablement.sybase.asa.schemaobjecteditor.examples,2.5.0.200810071,"org.eclipse.datatools.enablement.sybase.asa.schemaobjecteditor.examples",1362044527390
stopped,bundle,org.eclipse.datatools.enablement.sybase.asa.ui,1.0.1.v200906111204,"org.eclipse.datatools.enablement.sybase.asa.ui",1362044527397
stopped,bundle,org.eclipse.datatools.enablement.sybase.ase.ui,1.0.1.v200906020900,"org.eclipse.datatools.enablement.sybase.ase.ui",1362044527398
stopped,bundle,org.eclipse.datatools.enablement.sybase.ui,1.0.0.v200906090452,"org.eclipse.datatools.enablement.sybase.ui",1362044527399
stopped,bundle,org.eclipse.datatools.sqltools.data.ui,1.2.1.v201010270945,"org.eclipse.datatools.sqltools.data.ui",1362044527399
stopped,bundle,org.eclipse.datatools.connectivity.sqm.server.ui,1.1.100.v201107221459,"org.eclipse.datatools.connectivity.sqm.server.ui",1362044527400
stopped,bundle,org.eclipse.datatools.sqltools.ddlgen.ui,1.0.2.v201201131129,"org.eclipse.datatools.sqltools.ddlgen.ui",1362044527400
stopped,bundle,org.eclipse.datatools.sqltools.db.derby.ui,1.0.0.v200906020900,"org.eclipse.datatools.sqltools.db.derby.ui",1362044527401
stopped,bundle,org.eclipse.datatools.sqltools.db.generic.ui,1.0.0.v200906020900,"org.eclipse.datatools.sqltools.db.generic.ui",1362044527401
stopped,bundle,org.eclipse.datatools.sqltools.debugger.core.ui,1.0.0.v201003161000,"org.eclipse.datatools.sqltools.debugger.core.ui",1362044527402
stopped,bundle,org.eclipse.datatools.sqltools.routineeditor.ui,1.0.2.v201111230714,"org.eclipse.datatools.sqltools.routineeditor.ui",1362044527403
stopped,bundle,org.eclipse.datatools.sqltools.sqlbuilder,1.0.3.v201107221520,"org.eclipse.datatools.sqltools.sqlbuilder",1362044527403
stopped,bundle,org.eclipse.datatools.sqltools.debugger.core,1.0.1.v201107221520,"org.eclipse.datatools.sqltools.debugger.core",1362044527404
stopped,bundle,org.eclipse.datatools.sqltools.schemaobjecteditor.ui.pages,1.1.0.200810071,"org.eclipse.datatools.sqltools.schemaobjecteditor.ui.pages",1362044527404
stopped,bundle,org.eclipse.datatools.sqltools.schemaobjecteditor.ui,1.1.1.200810071,"org.eclipse.datatools.sqltools.schemaobjecteditor.ui",1362044527405
stopped,bundle,org.eclipse.datatools.sqltools.sqlscrapbook,1.0.1.v201107221520,"org.eclipse.datatools.sqltools.sqlscrapbook",1362044527406
stopped,bundle,org.eclipse.datatools.sqltools.sqleditor,1.0.2.v201107221520,"org.eclipse.datatools.sqltools.sqleditor",1362044527407
stopped,bundle,org.eclipse.datatools.sqltools.editor.core.ui,1.0.0.v201001150815,"org.eclipse.datatools.sqltools.editor.core.ui",1362044527407
stopped,bundle,org.eclipse.datatools.sqltools.tabledataeditor,1.0.1.v201005250945,"org.eclipse.datatools.sqltools.tabledataeditor",1362044527408
stopped,bundle,org.eclipse.datatools.connectivity.sqm.core.ui,1.2.1.v20110926045,"org.eclipse.datatools.connectivity.sqm.core.ui",1362044527408
stopped,bundle,org.eclipse.jst.j2ee.ejb.annotations.ui,1.1.200.v201004290730,"org.eclipse.jst.j2ee.ejb.annotations.ui",1362044527410
stopped,bundle,org.jboss.tools.central,1.0.1.v20120715-0355-H112-Final,"org.jboss.tools.central",1362044527410
stopped,bundle,org.jboss.tools.maven.project.examples,1.3.1.v20120715-0349-H127-Final,"org.jboss.tools.maven.project.examples",1362044527411
stopped,bundle,org.jboss.tools.project.examples.cheatsheet,1.3.1.v20120715-0342-H116-Final,"org.jboss.tools.project.examples.cheatsheet",1362044527413
stopped,bundle,org.jboss.tools.project.examples,1.3.1.v20120715-0342-H116-Final,"org.jboss.tools.project.examples",1362044527413
stopped,bundle,org.jboss.tools.runtime.seam.detector,1.3.0.v20120611-2354-H105-Final,"org.jboss.tools.runtime.seam.detector",1362044527414
stopped,bundle,org.jboss.tools.seam.text.ext,3.3.0.v20120612-1916-H130-Final,"org.jboss.tools.seam.text.ext",1362044527414
stopped,bundle,org.jboss.tools.seam.core,3.3.0.v20120612-1916-H130-Final,"org.jboss.tools.seam.core",1362044527414
stopped,bundle,org.eclipse.datatools.connectivity.ui.dse,1.1.4.v201107221459,"org.eclipse.datatools.connectivity.ui.dse",1362044527414
stopped,bundle,org.eclipse.jst.j2ee.xdoclet.runtime,1.1.300.v201004280700,"org.eclipse.jst.j2ee.xdoclet.runtime",1362044527415
stopped,bundle,org.eclipse.jst.j2ee.ejb.annotations.xdoclet,1.2.200.v201103302125,"org.eclipse.jst.j2ee.ejb.annotations.xdoclet",1362044527416
stopped,bundle,org.hibernate.eclipse.jdt.apt.ui,3.5.1.v20120715-0252-H98-Final,"org.hibernate.eclipse.jdt.apt.ui",1362044527416
stopped,bundle,org.hibernate.eclipse.jdt.ui,3.5.1.v20120715-0252-H98-Final,"org.hibernate.eclipse.jdt.ui",1362044527416
stopped,bundle,org.hibernate.eclipse.mapper,3.5.1.v20120715-0252-H98-Final,"org.hibernate.eclipse.mapper",1362044527417
stopped,bundle,org.jboss.tools.hibernate.jpt.core,3.5.1.v20120715-0252-H98-Final,"org.jboss.tools.hibernate.jpt.core",1362044527417
stopped,bundle,org.jboss.tools.hibernate.ui,3.5.1.v20120715-0252-H98-Final,"org.jboss.tools.hibernate.ui",1362044527417
stopped,bundle,org.jboss.tools.hibernate3_5,3.5.1.v20120715-0252-H98-Final,"org.jboss.tools.hibernate3_5",1362044527418
stopped,bundle,org.jboss.tools.hibernate3_6,3.5.1.v20120715-0252-H98-Final,"org.jboss.tools.hibernate3_6",1362044527418
stopped,bundle,org.jboss.tools.hibernate4_0,3.5.1.v20120715-0252-H98-Final,"org.jboss.tools.hibernate4_0",1362044527419
stopped,bundle,org.jboss.tools.maven.hibernate,1.3.1.v20120715-0349-H127-Final,"org.jboss.tools.maven.hibernate",1362044527419
stopped,bundle,org.hibernate.eclipse.console,3.5.1.v20120715-0252-H98-Final,"org.hibernate.eclipse.console",1362044527419
stopped,bundle,org.jboss.tools.maven.jbosspackaging,1.3.1.v20120715-0349-H127-Final,"org.jboss.tools.maven.jbosspackaging",1362044527420
stopped,bundle,org.jboss.ide.eclipse.as.ui.mbeans,2.3.1.v20120715-0243-H142-Final,"org.jboss.ide.eclipse.as.ui.mbeans",1362044527420
stopped,bundle,org.jboss.ide.eclipse.as.classpath.ui,2.3.1.v20120715-0243-H142-Final,"org.jboss.ide.eclipse.as.classpath.ui",1362044527421
stopped,bundle,org.jboss.tools.maven.portlet,1.3.1.v20120715-0349-H127-Final,"org.jboss.tools.maven.portlet",1362044527421
stopped,bundle,org.jboss.tools.portlet.ui,1.3.1.v20120715-0337-H99-Final,"org.jboss.tools.portlet.ui",1362044527421
stopped,bundle,org.jboss.tools.portlet.core,1.3.1.v20120715-0337-H99-Final,"org.jboss.tools.portlet.core",1362044527422
stopped,bundle,org.jboss.ide.eclipse.as.classpath.core,2.3.1.v20120715-0243-H142-Final,"org.jboss.ide.eclipse.as.classpath.core",1362044527422
stopped,bundle,org.jboss.ide.eclipse.as.rse.ui,2.3.1.v20120715-0243-H142-Final,"org.jboss.ide.eclipse.as.rse.ui",1362044527422
stopped,bundle,org.jboss.ide.eclipse.as.rse.core,2.3.1.v20120715-0243-H142-Final,"org.jboss.ide.eclipse.as.rse.core",1362044527422
stopped,bundle,org.jboss.tools.openshift.express.ui,2.3.1.v20120715-0255-H145-Final,"org.jboss.tools.openshift.express.ui",1362044527422
stopped,bundle,org.jboss.ide.eclipse.archives.webtools,2.3.1.v20120715-0243-H142-Final,"org.jboss.ide.eclipse.archives.webtools",1362044527422
stopped,bundle,org.jboss.ide.eclipse.as.wtp.ui,2.3.1.v20120715-0243-H142-Final,"org.jboss.ide.eclipse.as.wtp.ui",1362044527423
stopped,bundle,org.jboss.tools.maven.profiles.ui,1.3.1.v20120715-0349-H127-Final,"org.jboss.tools.maven.profiles.ui",1362044527424
stopped,bundle,org.jboss.tools.maven.cdi,1.3.1.v20120715-0349-H127-Final,"org.jboss.tools.maven.cdi",1362044527424
stopped,bundle,org.jboss.tools.maven.jaxrs,1.3.1.v20120715-0349-H127-Final,"org.jboss.tools.maven.jaxrs",1362044527424
stopped,bundle,org.jboss.tools.maven.jpa,1.3.1.v20120715-0349-H127-Final,"org.jboss.tools.maven.jpa",1362044527425
stopped,bundle,org.jboss.tools.maven.jsf,1.3.1.v20120715-0349-H127-Final,"org.jboss.tools.maven.jsf",1362044527425
stopped,bundle,org.jboss.tools.maven.ui,1.3.1.v20120715-0349-H127-Final,"org.jboss.tools.maven.ui",1362044527426
stopped,bundle,org.eclipse.jst.jsf.apache.trinidad.tagsupport,1.1.200.v201104061711,"org.eclipse.jst.jsf.apache.trinidad.tagsupport",1362044527427
stopped,bundle,org.eclipse.jst.jsf.facesconfig.ui,1.2.2.v201103292152,"org.eclipse.jst.jsf.facesconfig.ui",1362044527427
stopped,bundle,org.eclipse.jst.jsf.facelet.ui,1.0.1.v201104032306,"org.eclipse.jst.jsf.facelet.ui",1362044527428
stopped,bundle,org.icefaces.eclipse.jst.core,3.0.2.201203271154,"org.icefaces.eclipse.jst.core",1362044527429
stopped,bundle,org.eclipse.jst.jsf.ui,1.3.2.v201104251204,"org.eclipse.jst.jsf.ui",1362044527429
stopped,bundle,org.icefaces.eclipse.jst.pagedesigner,3.7.2.201203271154,"org.icefaces.eclipse.jst.pagedesigner",1362044527430
stopped,bundle,org.eclipse.jst.pagedesigner.jsf.ui,1.2.100.v201104061711,"org.eclipse.jst.pagedesigner.jsf.ui",1362044527430
stopped,bundle,org.eclipse.jst.pagedesigner,1.3.104.v201201181342,"org.eclipse.jst.pagedesigner",1362044527431
stopped,bundle,org.eclipse.jst.jsf.common.ui,1.2.100.v201104061711,"org.eclipse.jst.jsf.common.ui",1362044527433
stopped,bundle,org.eclipse.pde.ua.ui,1.0.100.v20110516,"org.eclipse.pde.ua.ui",1362044527435
stopped,bundle,org.eclipse.datatools.connectivity.oda.template.ui,3.2.3.v201201121156,"org.eclipse.datatools.connectivity.oda.template.ui",1362044527436
stopped,bundle,org.eclipse.pde.api.tools.ui,1.0.301.v20110803_r371,"org.eclipse.pde.api.tools.ui",1362044527436
stopped,bundle,org.eclipse.pde.ds.ui,1.0.100.v20111213-1754,"org.eclipse.pde.ds.ui",1362044527437
stopped,bundle,org.eclipse.pde.runtime,3.4.201.v20110928-1516,"org.eclipse.pde.runtime",1362044527438
stopped,bundle,org.eclipse.pde.ui.templates,3.4.400.v20110928-1516,"org.eclipse.pde.ui.templates",1362044527440
stopped,bundle,org.jboss.tools.cdi.seam.config.core,1.2.0.v20120611-1827-H85-Final,"org.jboss.tools.cdi.seam.config.core",1362044527441
stopped,bundle,org.jboss.tools.cdi.seam.core,1.2.0.v20120611-1827-H85-Final,"org.jboss.tools.cdi.seam.core",1362044527441
stopped,bundle,org.jboss.tools.cdi.seam.faces.core,1.2.0.v20120611-1827-H85-Final,"org.jboss.tools.cdi.seam.faces.core",1362044527441
stopped,bundle,org.jboss.tools.cdi.seam.solder.core,1.2.0.v20120611-1827-H85-Final,"org.jboss.tools.cdi.seam.solder.core",1362044527442
stopped,bundle,org.jboss.tools.cdi.core,1.2.0.v20120611-1827-H85-Final,"org.jboss.tools.cdi.core",1362044527442
stopped,bundle,org.jboss.tools.jsf.text.ext.richfaces,3.3.1.v20120715-0313-H119-Final,"org.jboss.tools.jsf.text.ext.richfaces",1362044527443
stopped,bundle,org.jboss.tools.jsf.text.ext.facelets,3.3.1.v20120715-0313-H119-Final,"org.jboss.tools.jsf.text.ext.facelets",1362044527443
stopped,bundle,org.jboss.tools.jsf.text.ext,3.3.1.v20120715-0313-H119-Final,"org.jboss.tools.jsf.text.ext",1362044527444
stopped,bundle,org.jboss.tools.jsf.verification,3.3.1.v20120715-0313-H119-Final,"org.jboss.tools.jsf.verification",1362044527445
stopped,bundle,org.jboss.tools.jsf,3.3.1.v20120715-0313-H119-Final,"org.jboss.tools.jsf",1362044527445
stopped,bundle,org.jboss.tools.vpe.browsersim.eclipse,3.3.1.v20120715-0301-H105-Final,"org.jboss.tools.vpe.browsersim.eclipse",1362044527445
stopped,bundle,org.jboss.tools.vpe.ui.palette,3.3.1.v20120715-0301-H105-Final,"org.jboss.tools.vpe.ui.palette",1362044527446
stopped,bundle,org.jboss.tools.jst.jsp,3.3.1.v20120715-0241-H93-Final,"org.jboss.tools.jst.jsp",1362044527446
stopped,bundle,org.jboss.tools.jst.text.ext,3.3.1.v20120715-0241-H93-Final,"org.jboss.tools.jst.text.ext",1362044527446
stopped,bundle,org.jboss.tools.jst.web.kb,3.3.1.v20120715-0241-H93-Final,"org.jboss.tools.jst.web.kb",1362044527446
stopped,bundle,org.jboss.tools.common.el.ui,3.3.1.v20120715-0209-H81-Final,"org.jboss.tools.common.el.ui",1362044527446
stopped,bundle,org.jboss.tools.vpe.resref,3.3.1.v20120715-0301-H105-Final,"org.jboss.tools.vpe.resref",1362044527447
stopped,bundle,org.jboss.tools.common.resref.ui,3.3.1.v20120715-0209-H81-Final,"org.jboss.tools.common.resref.ui",1362044527448
stopped,bundle,org.jboss.tools.common.verification.ui,3.3.1.v20120715-0209-H81-Final,"org.jboss.tools.common.verification.ui",1362044527448
stopped,bundle,org.jboss.tools.hibernate.xml.ui,3.5.1.v20120715-0252-H98-Final,"org.jboss.tools.hibernate.xml.ui",1362044527448
stopped,bundle,org.jboss.tools.common.model.ui,3.3.1.v20120715-0209-H81-Final,"org.jboss.tools.common.model.ui",1362044527449
stopped,bundle,org.jboss.tools.common.text.ext,3.3.1.v20120715-0209-H81-Final,"org.jboss.tools.common.text.ext",1362044527449
stopped,bundle,org.eclipse.pde.ui,3.6.100.v20120103_r372,"org.eclipse.pde.ui",1362044527449
stopped,bundle,org.jboss.tools.common.ui,3.3.1.v20120715-0209-H81-Final,"org.jboss.tools.common.ui",1362044527449
stopped,bundle,org.eclipse.ui.cheatsheets,3.4.100.v20110425,"org.eclipse.ui.cheatsheets",1362044527450
stopped,bundle,org.hibernate.eclipse.help,3.5.1.v20120715-0252-H98-Final,"org.hibernate.eclipse.help",1362044527450
stopped,bundle,org.eclipse.help.ui,3.5.101.r37_20110819,"org.eclipse.help.ui",1362044527451
stopped,bundle,org.eclipse.help.webapp,3.6.1.r37_20110929,"org.eclipse.help.webapp",1362044527452
stopped,bundle,org.eclipse.epp.mpc.ui,1.1.1.I20110907-0947,"org.eclipse.epp.mpc.ui",1362044527452
stopped,bundle,org.eclipse.epp.usagedata.ui,1.3.1.R201106061540,"org.eclipse.epp.usagedata.ui",1362044527453
stopped,bundle,org.eclipse.ui.intro.universal,3.2.500.v20110510,"org.eclipse.ui.intro.universal",1362044527453
stopped,bundle,org.eclipse.wtp.epp.package.jee.intro,1.3.0.v201006142040,"org.eclipse.wtp.epp.package.jee.intro",1362044527454
stopped,bundle,org.eclipse.ui.intro,3.4.100.v20110425,"org.eclipse.ui.intro",1362044527455
stopped,bundle,org.eclipse.help.base,3.6.2.v201202080800,"org.eclipse.help.base",1362044527455
stopped,bundle,org.eclipse.equinox.http.jetty,2.0.100.v20110502,"org.eclipse.equinox.http.jetty",1362044527456
stopped,bundle,org.eclipse.wst.server.preview,1.1.100.v20091208,"org.eclipse.wst.server.preview",1362044527457
stopped,bundle,org.eclipse.m2e.discovery,1.0.200.20111228-1245,"org.eclipse.m2e.discovery",1362044527458
stopped,bundle,org.eclipse.m2e.refactoring,1.0.200.20111228-1245,"org.eclipse.m2e.refactoring",1362044527459
stopped,bundle,org.eclipse.m2e.editor,1.0.200.20111228-1245,"org.eclipse.m2e.editor",1362044527460
stopped,bundle,org.eclipse.m2e.editor.xml,1.0.200.20111228-1245,"org.eclipse.m2e.editor.xml",1362044527461
stopped,bundle,org.jboss.tools.maven.core,1.3.1.v20120715-0349-H127-Final,"org.jboss.tools.maven.core",1362044527462
stopped,bundle,org.jboss.tools.maven.sourcelookup.ui,1.3.1.v20120715-0349-H127-Final,"org.jboss.tools.maven.sourcelookup.ui",1362044527462
stopped,bundle,org.jboss.tools.maven.sourcelookup.core,1.3.1.v20120715-0349-H127-Final,"org.jboss.tools.maven.sourcelookup.core",1362044527462
stopped,bundle,org.maven.ide.eclipse.wtp,0.15.2.20120306-2040,"org.maven.ide.eclipse.wtp",1362044527462
stopped,bundle,org.eclipse.m2e.jdt,1.0.200.20111228-1245,"org.eclipse.m2e.jdt",1362044527462
stopped,bundle,org.eclipse.m2e.launching,1.0.200.20111228-1245,"org.eclipse.m2e.launching",1362044527462
stopped,bundle,org.eclipse.m2e.core.ui,1.0.200.20111228-1245,"org.eclipse.m2e.core.ui",1362044527464
stopped,bundle,org.eclipse.m2e.usagedata,1.0.200.20111228-1245,"org.eclipse.m2e.usagedata",1362044527464
stopped,bundle,org.jboss.tools.forge.ui,1.0.1.v20120715-0232-H99-Final,"org.jboss.tools.forge.ui",1362044527464
stopped,bundle,org.jboss.tools.maven.profiles.core,1.3.1.v20120715-0349-H127-Final,"org.jboss.tools.maven.profiles.core",1362044527466
stopped,bundle,org.eclipse.m2e.core,1.0.200.20111228-1245,"org.eclipse.m2e.core",1362044527466
stopped,bundle,org.eclipse.jst.ws.jaxws.ui,1.0.100.v201104032053,"org.eclipse.jst.ws.jaxws.ui",1362044527466
stopped,bundle,org.eclipse.jst.ws.jaxws.core,1.0.100.v201104031139,"org.eclipse.jst.ws.jaxws.core",1362044527467
stopped,bundle,org.eclipse.mylyn.bugzilla.ui,3.7.1.v20120425-0100,"org.eclipse.mylyn.bugzilla.ui",1362044527467
stopped,bundle,org.eclipse.mylyn.bugzilla.core,3.7.1.v20120425-0100,"org.eclipse.mylyn.bugzilla.core",1362044527467
stopped,bundle,org.eclipse.mylyn.commons.xmlrpc,3.7.1.v20120425-0100,"org.eclipse.mylyn.commons.xmlrpc",1362044527468
stopped,bundle,org.eclipse.datatools.enablement.oda.ws.ui,1.2.3.v201112061438,"org.eclipse.datatools.enablement.oda.ws.ui",1362044527472
stopped,bundle,org.eclipse.datatools.enablement.oda.ws,1.2.3.v201112061438,"org.eclipse.datatools.enablement.oda.ws",1362044527474
stopped,bundle,org.eclipse.wst.wsdl,1.2.202.v201108230355,"org.eclipse.wst.wsdl",1362044527474
stopped,bundle,org.eclipse.wst.wsdl.validation,1.1.502.v201104071820,"org.eclipse.wst.wsdl.validation",1362044527474
activated,perspective,org.eclipse.jst.j2ee.ui,,"org.eclipse.jst.j2ee.J2EEPerspective",1366715437988
started,bundle,org.eclipse.osgi,3.7.2.v20120110-1415,"org.eclipse.osgi",1366715437990
started,bundle,org.eclipse.equinox.simpleconfigurator,1.0.200.v20110815-1438,"org.eclipse.equinox.simpleconfigurator",1366715437990
started,bundle,com.ibm.icu,4.4.2.v20110823,"com.ibm.icu",1366715437991
started,bundle,org.eclipse.compare.core,3.5.200.I20110208-0800,"org.eclipse.compare.core",1366715437992
started,bundle,org.eclipse.core.contenttype,3.4.100.v20110423-0524,"org.eclipse.core.contenttype",1366715437992
started,bundle,org.eclipse.core.databinding.observable,1.4.0.I20110222-0800,"org.eclipse.core.databinding.observable",1366715437993
started,bundle,org.eclipse.core.expressions,3.4.300.v20110228,"org.eclipse.core.expressions",1366715437994
started,bundle,org.eclipse.core.filebuffers,3.5.200.v20110928-1504,"org.eclipse.core.filebuffers",1366715438005
started,bundle,org.eclipse.core.filesystem,1.3.100.v20110423-0524,"org.eclipse.core.filesystem",1366715438006
started,bundle,org.eclipse.core.jobs,3.5.101.v20120113-1953,"org.eclipse.core.jobs",1366715438006
started,bundle,org.eclipse.core.net,1.2.100.I20110511-0800,"org.eclipse.core.net",1366715438007
started,bundle,org.eclipse.core.resources,3.7.101.v20120125-1505,"org.eclipse.core.resources",1366715438008
started,bundle,org.eclipse.core.runtime,3.7.0.v20110110,"org.eclipse.core.runtime",1366715438008
started,bundle,org.eclipse.core.runtime.compatibility,3.2.100.v20100505,"org.eclipse.core.runtime.compatibility",1366715438009
started,bundle,org.eclipse.core.runtime.compatibility.auth,3.2.200.v20110110,"org.eclipse.core.runtime.compatibility.auth",1366715438009
started,bundle,org.eclipse.core.variables,3.2.500.v20110928-1503,"org.eclipse.core.variables",1366715438010
started,bundle,org.eclipse.debug.core,3.7.1.v20111129-2031,"org.eclipse.debug.core",1366715438011
started,bundle,org.eclipse.ecf,3.1.300.v20110531-2218,"org.eclipse.ecf",1366715438012
started,bundle,org.eclipse.ecf.filetransfer,5.0.0.v20110531-2218,"org.eclipse.ecf.filetransfer",1366715438012
started,bundle,org.eclipse.ecf.identity,3.1.100.v20110531-2218,"org.eclipse.ecf.identity",1366715438012
started,bundle,org.eclipse.ecf.provider.filetransfer,3.2.0.v20110531-2218,"org.eclipse.ecf.provider.filetransfer",1366715438013
started,bundle,org.eclipse.ecf.provider.filetransfer.httpclient,4.0.0.v20110531-2218,"org.eclipse.ecf.provider.filetransfer.httpclient",1366715438013
started,bundle,org.eclipse.emf.common,2.7.0.v20120127-1122,"org.eclipse.emf.common",1366715438014
started,bundle,org.eclipse.emf.common.ui,2.7.0.v20120130-0943,"org.eclipse.emf.common.ui",1366715438015
